pert_level,median_cor
regdb.5          ,0.34922515320655 
regdb.10         ,0.246190352405059
regdb.15         ,0.165524655667226
