ppv	rCall
0	0.047385	0.998478
0.2	0.127237	0.194825
0.4	0.179487	0.042618
0.6	0.315789	0.009132
0.8	      NA	      NA
