ppv	rCall
0	0.047382	0.998478
0.2	0.161304	0.579909
0.4	0.482270	0.207002
0.6	0.600000	0.031963
0.8	1.000000	0.006088
