pert_level,median_cor
regdb.5          ,0.347442382771504
regdb.10         ,0.311707457005723
regdb.15         ,0.263116227978115
