ppv	rCall
0	0.04739	0.99848
0.2	0.40887	0.63166
0.4	0.84375	0.24658
0.6	0.93023	0.06088
0.8	1.00000	0.01065
