ppv	rCall
0	0.04541	1.000000
0.05	0.18178	0.712698
0.1	0.35282	0.546032
0.15	0.51468	0.417460
0.2	0.70833	0.269841
0.25	0.82812	0.168254
0.3	0.96078	0.077778
0.35	1.00000	0.031746
0.4	1.00000	0.009524
0.45	1.00000	0.003175
0.5	1.00000	0.003175
