ppv	rCall
0	0.0226	1.000000
0.05	0.0967	0.713333
0.1	0.2115	0.563333
0.15	0.3473	0.443333
0.2	0.5370	0.290000
0.25	0.7176	0.203333
0.3	0.9286	0.086667
0.35	1.0000	0.040000
0.4	1.0000	0.006667
0.45	1.0000	0.003333
0.5	1.0000	0.003333
