ppv	rCall
0	0.04739	0.99848
0.2	0.46543	0.72755
0.4	0.89744	0.31963
0.6	1.00000	0.09437
0.8	1.00000	0.02892
