ppv	rCall
0	0.04594	0.998478
0.1	0.04484	0.811263
0.2	0.04552	0.660578
0.3	0.04434	0.505327
0.4	0.04267	0.362253
0.5	0.03973	0.229833
0.6	0.03623	0.132420
0.7	0.03704	0.070015
0.8	0.04286	0.027397
0.9	0.05000	0.003044
