pert_level,median_cor
regdb.5          ,0.362042324052909
regdb.10         ,0.337695316672452
regdb.15         ,0.299706426901351
