ppv	rCall
0	0.04541	1.000000
0.05	0.20066	0.769841
0.1	0.40204	0.625397
0.15	0.56607	0.455556
0.2	0.73118	0.323810
0.25	0.85256	0.211111
0.3	0.91250	0.115873
0.35	0.96970	0.050794
0.4	0.90000	0.014286
0.45	1.00000	0.003175
