ppv	rCall
0	0.01130	1.000000
0.05	0.05297	0.713333
0.1	0.11854	0.520000
0.15	0.20446	0.366667
0.2	0.35135	0.260000
0.25	0.46512	0.133333
0.3	0.40000	0.040000
0.35	0.75000	0.020000
0.4	0.75000	0.020000
0.45	1.00000	0.006667
