pert_level,median_cor
regdb.5          ,0.137898679072874
regdb.10         ,0.127295505583483
regdb.15         ,0.115218641783464
