ppv	rCall
0	0.04729	0.993912
0.05	0.09150	0.193303
0.1	0.13483	0.073059
0.15	0.09917	0.018265
0.2	0.13889	0.007610
0.25	0.05556	0.001522
0.3	     NA	      NA
0.35	     NA	      NA
