pert_level,median_cor
regdb.5          ,0.142356857216289
regdb.10         ,0.139203209022045
regdb.15         ,0.135072801973668
