ppv	rCall
0	0.04541	1.000000
0.05	0.40967	0.766667
0.1	0.65499	0.593651
0.15	0.84273	0.450794
0.2	0.91005	0.273016
0.25	0.94000	0.149206
0.3	0.94872	0.058730
0.35	1.00000	0.011111
0.4	1.00000	0.001587
