ppv	rCall	tpr	fpr
0	0.04432	0.976190	0.976190	0.9692982
0.05	0.40288	0.753968	0.753968	0.0514620
0.1	0.64623	0.585714	0.585714	0.0147661
0.15	0.83383	0.446032	0.446032	0.0040936
0.2	0.89947	0.269841	0.269841	0.0013889
0.25	0.94000	0.149206	0.149206	0.0004386
0.3	0.94872	0.058730	0.058730	0.0001462
0.35	1.00000	0.011111	0.011111	0.0000000
0.4	1.00000	0.001587	0.001587	0.0000000
