ppv	rCall
0	0.04541	1.000000
0.05	0.11858	0.593651
0.1	0.19404	0.403175
0.15	0.26547	0.258730
0.2	0.36194	0.153968
0.25	0.44660	0.073016
0.3	0.50000	0.038095
0.35	0.57143	0.006349
0.4	     NA	      NA
0.45	     NA	      NA
