ppv	rCall
0	0.03390	1.000000
0.05	0.08774	0.582222
0.1	0.14274	0.386667
0.15	0.18962	0.235556
0.2	0.24370	0.128889
0.25	0.25275	0.051111
0.3	0.24390	0.022222
0.35	0.57143	0.008889
0.4	     NA	      NA
0.45	     NA	      NA
