pert_level,median_cor
regdb.5          ,0.348862227333409
regdb.10         ,0.311861826993404
regdb.15         ,0.26674945611405 
