ppv	rCall
0	0.047337	0.996956
0.2	0.265122	0.313546
0.4	0.546667	0.062405
0.6	0.714286	0.015221
0.8	1.000000	0.004566
