ppv	rCall
0	0.04740	0.99848
0.2	0.07410	0.17504
0.4	0.07175	0.02435
0.6	     NA	     NA
0.8	     NA	     NA
