ppv	rCall
0	0.04541	1.000000
0.05	0.21372	0.776190
0.1	0.42904	0.619048
0.15	0.61310	0.490476
0.2	0.79930	0.360317
0.25	0.88024	0.233333
0.3	0.93548	0.138095
0.35	0.95000	0.060317
0.4	1.00000	0.015873
0.45	1.00000	0.004762
0.5	1.00000	0.001587
