ppv	rCall
0	0.047412	0.995434
0.2	0.190972	0.083714
0.4	0.217391	0.015221
0.6	0.272727	0.004566
0.8	0.250000	0.001522
