pert_level,median_cor
regdb.5          ,0.878127492548591
regdb.10         ,0.817145935659012
regdb.15         ,0.632172942641647
