ppv	rCall
0	0.04594	0.998478
0.05	0.04623	0.672755
0.1	0.04669	0.409437
0.15	0.04457	0.199391
0.2	0.04392	0.079148
0.25	0.05172	0.031963
0.3	0.07692	0.015221
0.35	0.08696	0.003044
0.4	     NA	      NA
