pert_level,median_cor
regdb.5          ,0.849955586304628
regdb.10         ,0.784801193422256
regdb.15         ,0.607617681594251
