ppv	rCall
0	0.04541	1.000000
0.05	0.33434	0.703175
0.1	0.61579	0.557143
0.15	0.79333	0.377778
0.2	0.87931	0.242857
0.25	0.97531	0.125397
0.3	1.00000	0.039683
0.35	1.00000	0.012698
0.4	1.00000	0.001587
