ppv	rCall
0	0.0226	1.000000
0.05	0.1958	0.713333
0.1	0.4347	0.576667
0.15	0.6378	0.393333
0.2	0.7670	0.263333
0.25	0.8605	0.123333
0.3	0.8750	0.046667
0.35	1.0000	0.013333
0.4	1.0000	0.003333
