ppv	rCall	tpr	fpr
0	0.04432	0.976190	0.976190	0.9692982
0.05	0.32755	0.688889	0.688889	0.0651316
0.1	0.60351	0.546032	0.546032	0.0165205
0.15	0.78333	0.373016	0.373016	0.0047515
0.2	0.86782	0.239683	0.239683	0.0016813
0.25	0.95062	0.122222	0.122222	0.0002924
0.3	0.96000	0.038095	0.038095	0.0000731
0.35	1.00000	0.012698	0.012698	0.0000000
0.4	1.00000	0.001587	0.001587	0.0000000
