ppv	rCall
0	0.04541	1.000000
0.05	0.18699	0.511111
0.1	0.34421	0.334921
0.15	0.48069	0.177778
0.2	0.61702	0.092063
0.25	0.72727	0.038095
0.3	0.80000	0.012698
0.35	1.00000	0.006349
0.4	1.00000	0.003175
0.45	1.00000	0.001587
0.5	1.00000	0.001587
