ppv	rCall	tpr	fpr
0	0.04432	0.976190	0.976190	0.9692982
0.05	0.18060	0.493651	0.493651	0.1031433
0.1	0.33442	0.325397	0.325397	0.0298246
0.15	0.46781	0.173016	0.173016	0.0090643
0.2	0.60638	0.090476	0.090476	0.0027047
0.25	0.69697	0.036508	0.036508	0.0007310
0.3	0.70000	0.011111	0.011111	0.0002193
0.35	0.75000	0.004762	0.004762	0.0000731
0.4	1.00000	0.003175	0.003175	0.0000000
0.45	1.00000	0.001587	0.001587	0.0000000
0.5	1.00000	0.001587	0.001587	0.0000000
