ppv	rCall
0	0.0339	1.000000
0.05	0.1419	0.504444
0.1	0.2667	0.320000
0.15	0.3807	0.166667
0.2	0.5333	0.088889
0.25	0.6429	0.040000
0.3	0.6250	0.011111
0.35	0.6667	0.004444
0.4	1.0000	0.002222
