ppv	rCall
0	0.047385	0.998478
0.2	0.160530	0.331811
0.4	0.283422	0.080670
0.6	0.538462	0.021309
0.8	0.333333	0.001522
