ppv	rCall
0	0.047385	0.998478
0.2	0.075463	0.254186
0.4	0.093923	0.051750
0.6	0.041667	0.004566
0.8	0.100000	0.001522
