ppv	rCall
0	0.047389	0.998478
0.2	0.091801	0.199391
0.4	0.094340	0.030441
0.6	0.081081	0.004566
0.8	      NA	      NA
