ppv	rCall
0	0.047385	0.998478
0.2	0.233361	0.421613
0.4	0.595238	0.114155
0.6	0.842105	0.024353
0.8	1.000000	0.004566
