pert_level,median_cor
regdb.5          ,0.361601797572722
regdb.10         ,0.250616594070497
regdb.15         ,0.152375261914587
