ppv	rCall
0	0.04729	0.993912
0.05	0.13281	0.077626
0.1	0.17021	0.024353
0.15	0.17241	0.007610
0.2	0.28571	0.006088
0.25	     NA	      NA
0.3	     NA	      NA
0.35	     NA	      NA
