ppv	rCall
0	0.047382	0.998478
0.2	0.220806	0.659056
0.4	0.739316	0.263318
0.6	0.882353	0.045662
0.8	1.000000	0.003044
