ppv	rCall
0	0.04739	0.99848
0.2	0.43871	0.72451
0.4	0.88293	0.27549
0.6	0.98000	0.07458
0.8	1.00000	0.01674
