pert_level,median_cor
regdb.5          ,0.394080153366077
regdb.10         ,0.360549165302324
regdb.15         ,0.31090494381708 
