ppv	rCall
0	0.04739	0.99848
0.2	0.07955	0.35464
0.4	0.11736	0.10807
0.6	0.10909	0.02740
0.8	0.16279	0.01065
