ppv	rCall
0	0.04541	1.000000
0.05	0.40234	0.765079
0.1	0.66667	0.619048
0.15	0.81844	0.465079
0.2	0.89671	0.303175
0.25	0.95238	0.158730
0.3	1.00000	0.077778
0.35	1.00000	0.020635
0.4	1.00000	0.003175
