ppv	rCall	tpr	fpr
0	0.04432	0.976190	0.976190	0.9692982
0.05	0.39482	0.750794	0.750794	0.0529971
0.1	0.65470	0.607937	0.607937	0.0147661
0.15	0.80726	0.458730	0.458730	0.0050439
0.2	0.89202	0.301587	0.301587	0.0016813
0.25	0.95238	0.158730	0.158730	0.0003655
0.3	1.00000	0.077778	0.077778	0.0000000
0.35	1.00000	0.020635	0.020635	0.0000000
0.4	1.00000	0.003175	0.003175	0.0000000
